{"cameraMode":{"drawMode":0,"name":"Shaded","section":"Shading Mode"},"sceneLighting":true,"audioPlay":false,"sceneViewState":{"showFog":true,"showMaterialUpdate":false,"showSkybox":true,"showFlares":true,"showImageEffects":true,"showParticleSystems":true},"in2DMode":false,"pivot":{"x":55.599998474121097,"y":8.300000190734864,"z":-13.300000190734864},"rotation":{"x":-0.015546965412795544,"y":0.9292512536048889,"z":-0.03933665528893471,"w":-0.3670661747455597},"size":25.18783950805664,"orthographic":true}